{
    "retrain_retain_accuracy": 100.0,
    "retrain_forget_accuracy": 0.0,
    "retrain_val_accuracy": 88.25999999186199,
    "retrain_test_accuracy": 94.81111111111112,
    "retrain_train_privacy": 0.5254074074074074,
    "retrain_forget_efficacy": 1.0,
    "FT10_retain_accuracy": 99.92181069958848,
    "FT10_forget_accuracy": 54.511111217357495,
    "FT10_val_accuracy": 93.00666662597655,
    "FT10_test_accuracy": 94.45925925925924,
    "FT10_train_privacy": 0.5272592592592592,
    "FT10_forget_efficacy": 0.45488888888888884,
    "GA5_retain_accuracy": 94.68395061376752,
    "GA5_forget_accuracy": 3.4814814797860607,
    "GA5_val_accuracy": 82.01999990234376,
    "GA5_test_accuracy": 89.17777777777776,
    "GA5_train_privacy": 0.5258657407407408,
    "GA5_forget_efficacy": 0.9651851851851853,
    "retrain_FT10_L2_dist": 36591.01953125,
    "retrain_GA5_L2_dist": 29882.814453125,
    "orig_model_retrain_L2_dist": 29480.322265625,
    "orig_model_FT10_L2_dist": 7110.69677734375,
    "orig_model_GA5_L2_dist": 402.4935607910156,
    "retrain_FT10_KL": 0.002834870790441831,
    "retrain_GA5_KL": 0.0018451187837248046,
    "orig_model_retrain_KL": 0.001584855994830529,
    "orig_model_FT10_KL": 0.0016990241128951311,
    "orig_model_GA5_KL": 0.0009937363599116604,
    "w_test_distance_RT_FT10": 0.5258664277491915,
    "w_test_distance_RT_GA5": 0.5239632809117224,
    "w_test_distance_O_RT": 0.5321775408541125,
    "w_test_distance_O_FT10": 0.39544970044267536,
    "w_test_distance_O_GA5": 0.4174731086052779,
    "w_forget_distance_RT_FT10": 0.6377899493962403,
    "w_forget_distance_RT_GA5": 0.6343866559827804,
    "w_forget_distance_O_RT": 0.6426710337681061,
    "w_forget_distance_O_FT10": 0.5106567855065004,
    "w_forget_distance_O_GA5": 0.6176856883040248,
    "FT15_retain_accuracy": 99.84444444444443,
    "FT15_forget_accuracy": 64.35555565049914,
    "FT15_val_accuracy": 93.77999995117187,
    "FT15_test_accuracy": 94.31851851851853,
    "FT15_train_privacy": 0.5276944444444444,
    "FT15_forget_efficacy": 0.3564444444444444,
    "GA7_retain_accuracy": 89.65432098438907,
    "GA7_forget_accuracy": 3.748148150055497,
    "GA7_val_accuracy": 76.23333331705727,
    "GA7_test_accuracy": 84.10370370370372,
    "GA7_train_privacy": 0.5260740740740741,
    "GA7_forget_efficacy": 0.9625185185185184,
    "retrain_FT15_L2_dist": 40146.3671875,
    "retrain_GA7_L2_dist": 30043.8125,
    "orig_model_FT15_L2_dist": 10666.0439453125,
    "orig_model_GA7_L2_dist": 563.4900512695312,
    "retrain_FT15_KL": 0.003615265479311347,
    "retrain_GA7_KL": 0.0018592766330887873,
    "orig_model_FT15_KL": 0.002362733551611503,
    "orig_model_GA7_KL": 0.0010582852798203628,
    "w_test_distance_RT_FT15": 0.5256027924538739,
    "w_test_distance_RT_GA7": 0.560152583902456,
    "w_test_distance_O_FT15": 0.4092684105583124,
    "w_test_distance_O_GA7": 0.528506948988723,
    "w_forget_distance_RT_FT15": 0.6336303000184178,
    "w_forget_distance_RT_GA7": 0.6802249394906857,
    "w_forget_distance_O_FT15": 0.49862135749018116,
    "w_forget_distance_O_GA7": 0.715354021109257,
    "FT20_retain_accuracy": 99.87078189300412,
    "FT20_forget_accuracy": 53.3703703861943,
    "FT20_val_accuracy": 92.8399999186198,
    "FT20_test_accuracy": 94.23703703703704,
    "FT20_train_privacy": 0.5280972222222223,
    "FT20_forget_efficacy": 0.46629629629629626,
    "GA10_retain_accuracy": 85.53251028756351,
    "GA10_forget_accuracy": 2.303703705628713,
    "GA10_val_accuracy": 73.10000000813803,
    "GA10_test_accuracy": 80.3037037037037,
    "GA10_train_privacy": 0.5249074074074074,
    "GA10_forget_efficacy": 0.976962962962963,
    "retrain_FT20_L2_dist": 43701.71484375,
    "retrain_GA10_L2_dist": 30285.306640625,
    "orig_model_FT20_L2_dist": 14221.3935546875,
    "orig_model_GA10_L2_dist": 804.985107421875,
    "retrain_FT20_KL": 0.004516243779410918,
    "retrain_GA10_KL": 0.0018200857642417152,
    "orig_model_FT20_KL": 0.0030837354715913534,
    "orig_model_GA10_KL": 0.000999142648652196,
    "w_test_distance_RT_FT20": 0.5282585098776607,
    "w_test_distance_RT_GA10": 0.6560625763089669,
    "w_test_distance_O_FT20": 0.42308333226926154,
    "w_test_distance_O_GA10": 0.6818639296459,
    "w_forget_distance_RT_FT20": 0.63097168575804,
    "w_forget_distance_RT_GA10": 0.7888912976980221,
    "w_forget_distance_O_FT20": 0.510763076155846,
    "w_forget_distance_O_GA10": 0.8824515960581
}