{"retrain_retain_accuracy": 100.0, "retrain_forget_accuracy": 0.0, "retrain_val_accuracy": 88.25999999186199, "retrain_test_accuracy": 94.81111111111112, "retrain_train_privacy": 0.5254074074074074, "retrain_forget_efficacy": 1.0, "FT_retain_accuracy": 99.92181069958848, "FT_forget_accuracy": 54.511111217357495, "FT_val_accuracy": 93.00666662597655, "FT_test_accuracy": 94.45925925925924, "FT_train_privacy": 0.5272592592592592, "FT_forget_efficacy": 0.45488888888888884, "GA_retain_accuracy": 94.68395061376752, "GA_forget_accuracy": 3.4814814797860607, "GA_val_accuracy": 82.01999990234376, "GA_test_accuracy": 89.17777777777776, "GA_train_privacy": 0.5258657407407408, "GA_forget_efficacy": 0.9651851851851853, "retrain_FT_L2_dist": 36591.01953125, "retrain_GA_L2_dist": 29882.814453125, "orig_model_retrain_L2_dist": 29480.322265625, "orig_model_FT_L2_dist": 7110.69677734375, "orig_model_GA_L2_dist": 402.4935607910156, "retrain_FT_KL": 0.002834870790441831, "retrain_GA_KL": 0.0018451187837248046, "orig_model_retrain_KL": 0.001584855994830529, "orig_model_FT_KL": 0.0016990241128951311, "orig_model_GA_KL": 0.0009937363599116604, "w_test_distance_RT_FT": 0.5258664277491915, "w_test_distance_RT_GA": 0.5239632809117224, "w_test_distance_O_RT": 0.5321775408541125, "w_test_distance_O_FT": 0.39544970044267536, "w_test_distance_O_GA": 0.4174731086052779, "w_forget_distance_RT_FT": 0.6377899493962403, "w_forget_distance_RT_GA": 0.6343866559827804, "w_forget_distance_O_RT": 0.6459514158448315, "w_forget_distance_O_FT": 0.5106567855065004, "w_forget_distance_O_GA": 0.6176856883040248}