{
    "retrain_retain_accuracy": 100.0,
    "retrain_forget_accuracy": 0.0,
    "retrain_val_accuracy": 88.25999999186199,
    "retrain_test_accuracy": 94.81111111111112,
    "retrain_train_privacy": 0.5254074074074074,
    "retrain_forget_efficacy": 1.0,
    "FT10_retain_accuracy": 99.87736625514403,
    "FT10_forget_accuracy": 77.53333347800925,
    "FT10_val_accuracy": 94.9399999226888,
    "FT10_test_accuracy": 94.34074074074074,
    "FT10_train_privacy": 0.5272916666666666,
    "FT10_forget_efficacy": 0.22466666666666668,
    "GA5_retain_accuracy": 92.09794238205897,
    "GA5_forget_accuracy": 5.318518518094663,
    "GA5_val_accuracy": 78.2866665201823,
    "GA5_test_accuracy": 86.47777777777777,
    "GA5_train_privacy": 0.5255231481481482,
    "GA5_forget_efficacy": 0.9468148148148149,
    "retrain_FT10_L2_dist": 36591.01953125,
    "retrain_GA5_L2_dist": 29882.814453125,
    "orig_model_retrain_L2_dist": 29480.322265625,
    "orig_model_FT10_L2_dist": 7110.69677734375,
    "orig_model_GA5_L2_dist": 402.4935607910156,
    "retrain_FT10_KL": 0.002834870790441831,
    "retrain_GA5_KL": 0.0018451187837248046,
    "orig_model_retrain_KL": 0.001584855994830529,
    "orig_model_FT10_KL": 0.0016990241128951311,
    "orig_model_GA5_KL": 0.0009937363599116604,
    "w_test_distance_RT_FT10": 0.5258664277491915,
    "w_test_distance_RT_GA5": 0.5239632809117224,
    "w_test_distance_O_RT": 0.5321775408541125,
    "w_test_distance_O_FT10": 0.39544970044267536,
    "w_test_distance_O_GA5": 0.4174731086052779,
    "w_forget_distance_RT_FT10": 0.6377899493962403,
    "w_forget_distance_RT_GA5": 0.6343866559827804,
    "w_forget_distance_O_RT": 0.6459514158448315,
    "w_forget_distance_O_FT10": 0.5106567855065004,
    "w_forget_distance_O_GA5": 0.6176856883040248,
    "retrain_forget_loss_FT10": 3.3384745121002197,
    "retrain_forget_loss_GA5": 3.7183220386505127
}