{"retrain_retain_accuracy": 100.0, "retrain_forget_accuracy": 0.0, "retrain_val_accuracy": 88.25999999186199, "retrain_test_accuracy": 94.81111111111112, "retrain_train_privacy": 0.5254074074074074, "retrain_forget_efficacy": 1.0, "FT_retain_accuracy": 99.84444444444443, "FT_forget_accuracy": 64.35555565049914, "FT_val_accuracy": 93.77999995117187, "FT_test_accuracy": 94.31851851851853, "FT_train_privacy": 0.5276944444444444, "FT_forget_efficacy": 0.3564444444444444, "GA_retain_accuracy": 89.65432098438907, "GA_forget_accuracy": 3.748148150055497, "GA_val_accuracy": 76.23333331705727, "GA_test_accuracy": 84.10370370370372, "GA_train_privacy": 0.5260740740740741, "GA_forget_efficacy": 0.9625185185185184, "retrain_FT_L2_dist": 40146.3671875, "retrain_GA_L2_dist": 30043.8125, "orig_model_retrain_L2_dist": 29480.322265625, "orig_model_FT_L2_dist": 10666.0439453125, "orig_model_GA_L2_dist": 563.4900512695312, "retrain_FT_KL": 0.003615265479311347, "retrain_GA_KL": 0.0018592766330887873, "orig_model_retrain_KL": 0.001584855994830529, "orig_model_FT_KL": 0.002362733551611503, "orig_model_GA_KL": 0.0010582852798203628, "w_test_distance_RT_FT": 0.5256027924538739, "w_test_distance_RT_GA": 0.560152583902456, "w_test_distance_O_RT": 0.5321775408541125, "w_test_distance_O_FT": 0.4092684105583124, "w_test_distance_O_GA": 0.528506948988723, "w_forget_distance_RT_FT": 0.6336303000184178, "w_forget_distance_RT_GA": 0.6802249394906857, "w_forget_distance_O_RT": 0.6426710337681061, "w_forget_distance_O_FT": 0.49862135749018116, "w_forget_distance_O_GA": 0.715354021109257}