{
    "retrain_retain_accuracy": 100.0,
    "retrain_forget_accuracy": 0.0,
    "retrain_val_accuracy": 88.25999999186199,
    "retrain_test_accuracy": 94.81111111111112,
    "retrain_train_privacy": 0.5254074074074074,
    "retrain_forget_efficacy": 1.0,
    "FT20_retain_accuracy": 99.87078189300412,
    "FT20_forget_accuracy": 53.3703703861943,
    "FT20_val_accuracy": 92.8399999186198,
    "FT20_test_accuracy": 94.23703703703704,
    "FT20_train_privacy": 0.5280972222222223,
    "FT20_forget_efficacy": 0.46629629629629626,
    "GA10_retain_accuracy": 85.53251028756351,
    "GA10_forget_accuracy": 2.303703705628713,
    "GA10_val_accuracy": 73.10000000813803,
    "GA10_test_accuracy": 80.3037037037037,
    "GA10_train_privacy": 0.5249074074074074,
    "GA10_forget_efficacy": 0.976962962962963,
    "retrain_FT20_L2_dist": 43701.71484375,
    "retrain_GA10_L2_dist": 30285.306640625,
    "orig_model_retrain_L2_dist": 29480.322265625,
    "orig_model_FT20_L2_dist": 14221.3935546875,
    "orig_model_GA10_L2_dist": 804.985107421875,
    "retrain_FT20_KL": 0.004516243779410918,
    "retrain_GA10_KL": 0.0018200857642417152,
    "orig_model_retrain_KL": 0.001584855994830529,
    "orig_model_FT20_KL": 0.0030837354715913534,
    "orig_model_GA10_KL": 0.000999142648652196,
    "w_test_distance_RT_FT20": 0.5282585098776607,
    "w_test_distance_RT_GA10": 0.6560625763089669,
    "w_test_distance_O_RT": 0.5321775408541125,
    "w_test_distance_O_FT20": 0.42308333226926154,
    "w_test_distance_O_GA10": 0.6818639296459,
    "w_forget_distance_RT_FT20": 0.63097168575804,
    "w_forget_distance_RT_GA10": 0.7888912976980221,
    "w_forget_distance_O_RT": 0.6426710337681061,
    "w_forget_distance_O_FT20": 0.510763076155846,
    "w_forget_distance_O_GA10": 0.8824515960581,
    "retrain_forget_loss_FT20": 3.1087329387664795,
    "retrain_forget_loss_GA10": 4.374853134155273
}